scholarship_id,scholarship_program,application_deadline,age,citizenship,residence,physically_fit,current_shs_strand,top_graduating_class,incoming_year_level,graduation_year,priority_programs,gwa_numerical,gwa_percentage,no_below_225_major,no_below_250_minor,no_failing_grade,regular_student,good_moral,no_other_scholarships,annual_household_income,not_a_working_student
1,"A Better Chance Foundation, Inc.",6/2/2025,,Filipino,,,,,,,,2,85,,,Yes,Yes,,Yes,400000,
2,Charity First Foundation Inc.,6/13/2025,,Filipino,Metro Manila,,,,1st Year,,Bachelor of Arts in Sociology (BAS),2.25,85,,,,,,Yes,,
2,Charity First Foundation Inc.,6/13/2025,,Filipino,Metro Manila,,,,1st Year,,Bachelor of Early Childhood Education (BECEd),2.25,85,,,,,,Yes,,
2,Charity First Foundation Inc.,6/13/2025,,Filipino,Metro Manila,,,,1st Year,,Bachelor of Elementary Education (BEEd),2.25,85,,,,,,Yes,,
2,Charity First Foundation Inc.,6/13/2025,,Filipino,Metro Manila,,,,1st Year,,Bachelor of Library and Information Science (BLIS),2.25,85,,,,,,Yes,,
2,Charity First Foundation Inc.,6/13/2025,,Filipino,Metro Manila,,,,1st Year,,Bachelor of Science in Applied Mathematics (BSAPMATH),2.25,85,,,,,,Yes,,
2,Charity First Foundation Inc.,6/13/2025,,Filipino,Metro Manila,,,,1st Year,,Bachelor of Science in Biology (BSBIO),2.25,85,,,,,,Yes,,
2,Charity First Foundation Inc.,6/13/2025,,Filipino,Metro Manila,,,,1st Year,,Bachelor of Science in Chemistry (BSCHEM),2.25,85,,,,,,Yes,,
2,Charity First Foundation Inc.,6/13/2025,,Filipino,Metro Manila,,,,1st Year,,Bachelor of Science in Civil Engineering (BSCE),2.25,85,,,,,,Yes,,
2,Charity First Foundation Inc.,6/13/2025,,Filipino,Metro Manila,,,,1st Year,,Bachelor of Science in Computer Engineering (BSCpE),2.25,85,,,,,,Yes,,
2,Charity First Foundation Inc.,6/13/2025,,Filipino,Metro Manila,,,,1st Year,,Bachelor of Science in Computer Science (BSCS),2.25,85,,,,,,Yes,,
2,Charity First Foundation Inc.,6/13/2025,,Filipino,Metro Manila,,,,1st Year,,Bachelor of Science in Electrical Engineering (BSEE),2.25,85,,,,,,Yes,,
2,Charity First Foundation Inc.,6/13/2025,,Filipino,Metro Manila,,,,1st Year,,Bachelor of Science in Electronics Engineering (BSECE),2.25,85,,,,,,Yes,,
2,Charity First Foundation Inc.,6/13/2025,,Filipino,Metro Manila,,,,1st Year,,Bachelor of Science in Food Technology (BSFT),2.25,85,,,,,,Yes,,
2,Charity First Foundation Inc.,6/13/2025,,Filipino,Metro Manila,,,,1st Year,,Bachelor of Science in Industrial Engineering (BSIE),2.25,85,,,,,,Yes,,
2,Charity First Foundation Inc.,6/13/2025,,Filipino,Metro Manila,,,,1st Year,,Bachelor of Science in Information Technology (BSIT),2.25,85,,,,,,Yes,,
2,Charity First Foundation Inc.,6/13/2025,,Filipino,Metro Manila,,,,1st Year,,Bachelor of Science in Mathematics (BSMATH),2.25,85,,,,,,Yes,,
2,Charity First Foundation Inc.,6/13/2025,,Filipino,Metro Manila,,,,1st Year,,Bachelor of Science in Mechanical Engineering (BSME),2.25,85,,,,,,Yes,,
2,Charity First Foundation Inc.,6/13/2025,,Filipino,Metro Manila,,,,1st Year,,Bachelor of Science in Nutrition and Dietetics (BSND),2.25,85,,,,,,Yes,,
2,Charity First Foundation Inc.,6/13/2025,,Filipino,Metro Manila,,,,1st Year,,Bachelor of Science in Physics (BSPHY),2.25,85,,,,,,Yes,,
2,Charity First Foundation Inc.,6/13/2025,,Filipino,Metro Manila,,,,1st Year,,Bachelor of Science in Psychology (BSPSY),2.25,85,,,,,,Yes,,
2,Charity First Foundation Inc.,6/13/2025,,Filipino,Metro Manila,,,,1st Year,,Bachelor of Science in Railway Engineering (BSRE),2.25,85,,,,,,Yes,,
2,Charity First Foundation Inc.,6/13/2025,,Filipino,Metro Manila,,,,1st Year,,Bachelor of Science in Statistics (BSSTAT),2.25,85,,,,,,Yes,,
2,Charity First Foundation Inc.,6/13/2025,,Filipino,Metro Manila,,,,1st Year,,Bachelor of Secondary Education major in Mathematics (BSEd-Math),2.25,85,,,,,,Yes,,
2,Charity First Foundation Inc.,6/13/2025,,Filipino,Metro Manila,,,,1st Year,,Bachelor of Secondary Education major in Science (BSEd-Science),2.25,85,,,,,,Yes,,
2,Charity First Foundation Inc.,6/13/2025,,Filipino,Metro Manila,,,,1st Year,,Bachelor of Technology and Livelihood Education (BTLEd),2.25,85,,,,,,Yes,,
2,Charity First Foundation Inc.,6/13/2025,,Filipino,Metro Manila,,,,2nd Year,,Bachelor of Arts in Sociology (BAS),2.25,85,,,,,,Yes,,
2,Charity First Foundation Inc.,6/13/2025,,Filipino,Metro Manila,,,,2nd Year,,Bachelor of Early Childhood Education (BECEd),2.25,85,,,,,,Yes,,
2,Charity First Foundation Inc.,6/13/2025,,Filipino,Metro Manila,,,,2nd Year,,Bachelor of Elementary Education (BEEd),2.25,85,,,,,,Yes,,
2,Charity First Foundation Inc.,6/13/2025,,Filipino,Metro Manila,,,,2nd Year,,Bachelor of Library and Information Science (BLIS),2.25,85,,,,,,Yes,,
2,Charity First Foundation Inc.,6/13/2025,,Filipino,Metro Manila,,,,2nd Year,,Bachelor of Science in Applied Mathematics (BSAPMATH),2.25,85,,,,,,Yes,,
2,Charity First Foundation Inc.,6/13/2025,,Filipino,Metro Manila,,,,2nd Year,,Bachelor of Science in Biology (BSBIO),2.25,85,,,,,,Yes,,
2,Charity First Foundation Inc.,6/13/2025,,Filipino,Metro Manila,,,,2nd Year,,Bachelor of Science in Chemistry (BSCHEM),2.25,85,,,,,,Yes,,
2,Charity First Foundation Inc.,6/13/2025,,Filipino,Metro Manila,,,,2nd Year,,Bachelor of Science in Civil Engineering (BSCE),2.25,85,,,,,,Yes,,
2,Charity First Foundation Inc.,6/13/2025,,Filipino,Metro Manila,,,,2nd Year,,Bachelor of Science in Computer Engineering (BSCpE),2.25,85,,,,,,Yes,,
2,Charity First Foundation Inc.,6/13/2025,,Filipino,Metro Manila,,,,2nd Year,,Bachelor of Science in Computer Science (BSCS),2.25,85,,,,,,Yes,,
2,Charity First Foundation Inc.,6/13/2025,,Filipino,Metro Manila,,,,2nd Year,,Bachelor of Science in Electrical Engineering (BSEE),2.25,85,,,,,,Yes,,
2,Charity First Foundation Inc.,6/13/2025,,Filipino,Metro Manila,,,,2nd Year,,Bachelor of Science in Electronics Engineering (BSECE),2.25,85,,,,,,Yes,,
2,Charity First Foundation Inc.,6/13/2025,,Filipino,Metro Manila,,,,2nd Year,,Bachelor of Science in Food Technology (BSFT),2.25,85,,,,,,Yes,,
2,Charity First Foundation Inc.,6/13/2025,,Filipino,Metro Manila,,,,2nd Year,,Bachelor of Science in Industrial Engineering (BSIE),2.25,85,,,,,,Yes,,
2,Charity First Foundation Inc.,6/13/2025,,Filipino,Metro Manila,,,,2nd Year,,Bachelor of Science in Information Technology (BSIT),2.25,85,,,,,,Yes,,
2,Charity First Foundation Inc.,6/13/2025,,Filipino,Metro Manila,,,,2nd Year,,Bachelor of Science in Mathematics (BSMATH),2.25,85,,,,,,Yes,,
2,Charity First Foundation Inc.,6/13/2025,,Filipino,Metro Manila,,,,2nd Year,,Bachelor of Science in Mechanical Engineering (BSME),2.25,85,,,,,,Yes,,
2,Charity First Foundation Inc.,6/13/2025,,Filipino,Metro Manila,,,,2nd Year,,Bachelor of Science in Nutrition and Dietetics (BSND),2.25,85,,,,,,Yes,,
2,Charity First Foundation Inc.,6/13/2025,,Filipino,Metro Manila,,,,2nd Year,,Bachelor of Science in Physics (BSPHY),2.25,85,,,,,,Yes,,
2,Charity First Foundation Inc.,6/13/2025,,Filipino,Metro Manila,,,,2nd Year,,Bachelor of Science in Psychology (BSPSY),2.25,85,,,,,,Yes,,
2,Charity First Foundation Inc.,6/13/2025,,Filipino,Metro Manila,,,,2nd Year,,Bachelor of Science in Railway Engineering (BSRE),2.25,85,,,,,,Yes,,
2,Charity First Foundation Inc.,6/13/2025,,Filipino,Metro Manila,,,,2nd Year,,Bachelor of Science in Statistics (BSSTAT),2.25,85,,,,,,Yes,,
2,Charity First Foundation Inc.,6/13/2025,,Filipino,Metro Manila,,,,2nd Year,,Bachelor of Secondary Education major in Mathematics (BSEd-Math),2.25,85,,,,,,Yes,,
2,Charity First Foundation Inc.,6/13/2025,,Filipino,Metro Manila,,,,2nd Year,,Bachelor of Secondary Education major in Science (BSEd-Science),2.25,85,,,,,,Yes,,
2,Charity First Foundation Inc.,6/13/2025,,Filipino,Metro Manila,,,,2nd Year,,Bachelor of Technology and Livelihood Education (BTLEd),2.25,85,,,,,,Yes,,
3,"Chinese Filipino Business Club, Inc.",3/31/2025,,Filipino,Metro Manila,Yes,,,2nd Year,,,2,85,,,,Yes,Yes,Yes,400000,
3,"Chinese Filipino Business Club, Inc.",3/31/2025,,Filipino,Metro Manila,Yes,,,3rd Year,,,2,85,,,,Yes,Yes,Yes,400000,
3,"Chinese Filipino Business Club, Inc.",3/31/2025,,Filipino,Metro Manila,Yes,,,4th Year,,,2,85,,,,Yes,Yes,Yes,400000,
4,DOST Junior Level Science Scholarships (JLSS) Program,5/30/2025,,Filipino,,Yes,,,3rd Year,,Bachelor of Science in Applied Mathematics (BSAPMATH),,83,,,Yes,Yes,Yes,,,
4,DOST Junior Level Science Scholarships (JLSS) Program,5/30/2025,,Filipino,,Yes,,,3rd Year,,Bachelor of Science in Architecture (BSARCH),,83,,,Yes,Yes,Yes,,,
4,DOST Junior Level Science Scholarships (JLSS) Program,5/30/2025,,Filipino,,Yes,,,3rd Year,,Bachelor of Science in Biology (BSBIO),,83,,,Yes,Yes,Yes,,,
4,DOST Junior Level Science Scholarships (JLSS) Program,5/30/2025,,Filipino,,Yes,,,3rd Year,,Bachelor of Science in Chemistry (BSCHEM),,83,,,Yes,Yes,Yes,,,
4,DOST Junior Level Science Scholarships (JLSS) Program,5/30/2025,,Filipino,,Yes,,,3rd Year,,Bachelor of Science in Civil Engineering (BSCE),,83,,,Yes,Yes,Yes,,,
4,DOST Junior Level Science Scholarships (JLSS) Program,5/30/2025,,Filipino,,Yes,,,3rd Year,,Bachelor of Science in Computer Engineering (BSCpE),,83,,,Yes,Yes,Yes,,,
4,DOST Junior Level Science Scholarships (JLSS) Program,5/30/2025,,Filipino,,Yes,,,3rd Year,,Bachelor of Science in Computer Science (BSCS),,83,,,Yes,Yes,Yes,,,
4,DOST Junior Level Science Scholarships (JLSS) Program,5/30/2025,,Filipino,,Yes,,,3rd Year,,Bachelor of Science in Electrical Engineering (BSEE),,83,,,Yes,Yes,Yes,,,
4,DOST Junior Level Science Scholarships (JLSS) Program,5/30/2025,,Filipino,,Yes,,,3rd Year,,Bachelor of Science in Electronics Engineering (BSECE),,83,,,Yes,Yes,Yes,,,
4,DOST Junior Level Science Scholarships (JLSS) Program,5/30/2025,,Filipino,,Yes,,,3rd Year,,Bachelor of Science in Food Technology (BSFT),,83,,,Yes,Yes,Yes,,,
4,DOST Junior Level Science Scholarships (JLSS) Program,5/30/2025,,Filipino,,Yes,,,3rd Year,,Bachelor of Science in Industrial Engineering (BSIE),,83,,,Yes,Yes,Yes,,,
4,DOST Junior Level Science Scholarships (JLSS) Program,5/30/2025,,Filipino,,Yes,,,3rd Year,,Bachelor of Science in Information Technology (BSIT),,83,,,Yes,Yes,Yes,,,
4,DOST Junior Level Science Scholarships (JLSS) Program,5/30/2025,,Filipino,,Yes,,,3rd Year,,Bachelor of Science in Mathematics (BSMATH),,83,,,Yes,Yes,Yes,,,
4,DOST Junior Level Science Scholarships (JLSS) Program,5/30/2025,,Filipino,,Yes,,,3rd Year,,Bachelor of Science in Mechanical Engineering (BSME),,83,,,Yes,Yes,Yes,,,
4,DOST Junior Level Science Scholarships (JLSS) Program,5/30/2025,,Filipino,,Yes,,,3rd Year,,Bachelor of Science in Nutrition and Dietetics (BSND),,83,,,Yes,Yes,Yes,,,
4,DOST Junior Level Science Scholarships (JLSS) Program,5/30/2025,,Filipino,,Yes,,,3rd Year,,Bachelor of Science in Physics (BSPHY),,83,,,Yes,Yes,Yes,,,
4,DOST Junior Level Science Scholarships (JLSS) Program,5/30/2025,,Filipino,,Yes,,,3rd Year,,Bachelor of Science in Statistics (BSSTAT),,83,,,Yes,Yes,Yes,,,
4,DOST Junior Level Science Scholarships (JLSS) Program,5/30/2025,,Filipino,,Yes,,,3rd Year,,Bachelor of Secondary Education major in Mathematics (BSEd major in Mathematics),,83,,,Yes,Yes,Yes,,,
4,DOST Junior Level Science Scholarships (JLSS) Program,5/30/2025,,Filipino,,Yes,,,3rd Year,,Bachelor of Secondary Education major in Science (BSEd major in Science),,83,,,Yes,Yes,Yes,,,
5,DOST S&T Undergraduate Scholarship Program,12/23/2024,,Filipino,,Yes,"Science, Technology, Engineering, and Mathematics (STEM)",,1st Year,,Bachelor of Science in Applied Mathematics (BSAPMATH),,,,,,,Yes,,,
5,DOST S&T Undergraduate Scholarship Program,12/23/2024,,Filipino,,Yes,"Science, Technology, Engineering, and Mathematics (STEM)",,1st Year,,Bachelor of Science in Architecture (BSARCH),,,,,,,Yes,,,
5,DOST S&T Undergraduate Scholarship Program,12/23/2024,,Filipino,,Yes,"Science, Technology, Engineering, and Mathematics (STEM)",,1st Year,,Bachelor of Science in Biology (BSBIO),,,,,,,Yes,,,
5,DOST S&T Undergraduate Scholarship Program,12/23/2024,,Filipino,,Yes,"Science, Technology, Engineering, and Mathematics (STEM)",,1st Year,,Bachelor of Science in Chemistry (BSCHEM),,,,,,,Yes,,,
5,DOST S&T Undergraduate Scholarship Program,12/23/2024,,Filipino,,Yes,"Science, Technology, Engineering, and Mathematics (STEM)",,1st Year,,Bachelor of Science in Civil Engineering (BSCE),,,,,,,Yes,,,
5,DOST S&T Undergraduate Scholarship Program,12/23/2024,,Filipino,,Yes,"Science, Technology, Engineering, and Mathematics (STEM)",,1st Year,,Bachelor of Science in Computer Engineering (BSCpE),,,,,,,Yes,,,
5,DOST S&T Undergraduate Scholarship Program,12/23/2024,,Filipino,,Yes,"Science, Technology, Engineering, and Mathematics (STEM)",,1st Year,,Bachelor of Science in Computer Science (BSCS),,,,,,,Yes,,,
5,DOST S&T Undergraduate Scholarship Program,12/23/2024,,Filipino,,Yes,"Science, Technology, Engineering, and Mathematics (STEM)",,1st Year,,Bachelor of Science in Electrical Engineering (BSEE),,,,,,,Yes,,,
5,DOST S&T Undergraduate Scholarship Program,12/23/2024,,Filipino,,Yes,"Science, Technology, Engineering, and Mathematics (STEM)",,1st Year,,Bachelor of Science in Electronics Engineering (BSECE),,,,,,,Yes,,,
5,DOST S&T Undergraduate Scholarship Program,12/23/2024,,Filipino,,Yes,"Science, Technology, Engineering, and Mathematics (STEM)",,1st Year,,Bachelor of Science in Food Technology (BSFT),,,,,,,Yes,,,
5,DOST S&T Undergraduate Scholarship Program,12/23/2024,,Filipino,,Yes,"Science, Technology, Engineering, and Mathematics (STEM)",,1st Year,,Bachelor of Science in Industrial Engineering (BSIE),,,,,,,Yes,,,
5,DOST S&T Undergraduate Scholarship Program,12/23/2024,,Filipino,,Yes,"Science, Technology, Engineering, and Mathematics (STEM)",,1st Year,,Bachelor of Science in Information Technology (BSIT),,,,,,,Yes,,,
5,DOST S&T Undergraduate Scholarship Program,12/23/2024,,Filipino,,Yes,"Science, Technology, Engineering, and Mathematics (STEM)",,1st Year,,Bachelor of Science in Mathematics (BSMATH),,,,,,,Yes,,,
5,DOST S&T Undergraduate Scholarship Program,12/23/2024,,Filipino,,Yes,"Science, Technology, Engineering, and Mathematics (STEM)",,1st Year,,Bachelor of Science in Mechanical Engineering (BSME),,,,,,,Yes,,,
5,DOST S&T Undergraduate Scholarship Program,12/23/2024,,Filipino,,Yes,"Science, Technology, Engineering, and Mathematics (STEM)",,1st Year,,Bachelor of Science in Nutrition and Dietetics (BSND),,,,,,,Yes,,,
5,DOST S&T Undergraduate Scholarship Program,12/23/2024,,Filipino,,Yes,"Science, Technology, Engineering, and Mathematics (STEM)",,1st Year,,Bachelor of Science in Physics (BSPHY),,,,,,,Yes,,,
5,DOST S&T Undergraduate Scholarship Program,12/23/2024,,Filipino,,Yes,"Science, Technology, Engineering, and Mathematics (STEM)",,1st Year,,Bachelor of Science in Statistics (BSSTAT),,,,,,,Yes,,,
5,DOST S&T Undergraduate Scholarship Program,12/23/2024,,Filipino,,Yes,"Science, Technology, Engineering, and Mathematics (STEM)",,1st Year,,Bachelor of Secondary Education major in Mathematics (BSEd major in Mathematics),,,,,,,Yes,,,
5,DOST S&T Undergraduate Scholarship Program,12/23/2024,,Filipino,,Yes,"Science, Technology, Engineering, and Mathematics (STEM)",,1st Year,,Bachelor of Secondary Education major in Science (BSEd major in Science),,,,,,,Yes,,,
5,DOST S&T Undergraduate Scholarship Program,12/23/2024,,Filipino,,Yes,"Accountancy, Business and Management (ABM)",Yes,1st Year,,Bachelor of Science in Applied Mathematics (BSAPMATH),,,,,,,Yes,,,
5,DOST S&T Undergraduate Scholarship Program,12/23/2024,,Filipino,,Yes,"Accountancy, Business and Management (ABM)",Yes,1st Year,,Bachelor of Science in Architecture (BSARCH),,,,,,,Yes,,,
5,DOST S&T Undergraduate Scholarship Program,12/23/2024,,Filipino,,Yes,"Accountancy, Business and Management (ABM)",Yes,1st Year,,Bachelor of Science in Biology (BSBIO),,,,,,,Yes,,,
5,DOST S&T Undergraduate Scholarship Program,12/23/2024,,Filipino,,Yes,"Accountancy, Business and Management (ABM)",Yes,1st Year,,Bachelor of Science in Chemistry (BSCHEM),,,,,,,Yes,,,
5,DOST S&T Undergraduate Scholarship Program,12/23/2024,,Filipino,,Yes,"Accountancy, Business and Management (ABM)",Yes,1st Year,,Bachelor of Science in Civil Engineering (BSCE),,,,,,,Yes,,,
5,DOST S&T Undergraduate Scholarship Program,12/23/2024,,Filipino,,Yes,"Accountancy, Business and Management (ABM)",Yes,1st Year,,Bachelor of Science in Computer Engineering (BSCpE),,,,,,,Yes,,,
5,DOST S&T Undergraduate Scholarship Program,12/23/2024,,Filipino,,Yes,"Accountancy, Business and Management (ABM)",Yes,1st Year,,Bachelor of Science in Computer Science (BSCS),,,,,,,Yes,,,
5,DOST S&T Undergraduate Scholarship Program,12/23/2024,,Filipino,,Yes,"Accountancy, Business and Management (ABM)",Yes,1st Year,,Bachelor of Science in Electrical Engineering (BSEE),,,,,,,Yes,,,
5,DOST S&T Undergraduate Scholarship Program,12/23/2024,,Filipino,,Yes,"Accountancy, Business and Management (ABM)",Yes,1st Year,,Bachelor of Science in Electronics Engineering (BSECE),,,,,,,Yes,,,
5,DOST S&T Undergraduate Scholarship Program,12/23/2024,,Filipino,,Yes,"Accountancy, Business and Management (ABM)",Yes,1st Year,,Bachelor of Science in Food Technology (BSFT),,,,,,,Yes,,,
5,DOST S&T Undergraduate Scholarship Program,12/23/2024,,Filipino,,Yes,"Accountancy, Business and Management (ABM)",Yes,1st Year,,Bachelor of Science in Industrial Engineering (BSIE),,,,,,,Yes,,,
5,DOST S&T Undergraduate Scholarship Program,12/23/2024,,Filipino,,Yes,"Accountancy, Business and Management (ABM)",Yes,1st Year,,Bachelor of Science in Information Technology (BSIT),,,,,,,Yes,,,
5,DOST S&T Undergraduate Scholarship Program,12/23/2024,,Filipino,,Yes,"Accountancy, Business and Management (ABM)",Yes,1st Year,,Bachelor of Science in Mathematics (BSMATH),,,,,,,Yes,,,
5,DOST S&T Undergraduate Scholarship Program,12/23/2024,,Filipino,,Yes,"Accountancy, Business and Management (ABM)",Yes,1st Year,,Bachelor of Science in Mechanical Engineering (BSME),,,,,,,Yes,,,
5,DOST S&T Undergraduate Scholarship Program,12/23/2024,,Filipino,,Yes,"Accountancy, Business and Management (ABM)",Yes,1st Year,,Bachelor of Science in Nutrition and Dietetics (BSND),,,,,,,Yes,,,
5,DOST S&T Undergraduate Scholarship Program,12/23/2024,,Filipino,,Yes,"Accountancy, Business and Management (ABM)",Yes,1st Year,,Bachelor of Science in Physics (BSPHY),,,,,,,Yes,,,
5,DOST S&T Undergraduate Scholarship Program,12/23/2024,,Filipino,,Yes,"Accountancy, Business and Management (ABM)",Yes,1st Year,,Bachelor of Science in Statistics (BSSTAT),,,,,,,Yes,,,
5,DOST S&T Undergraduate Scholarship Program,12/23/2024,,Filipino,,Yes,"Accountancy, Business and Management (ABM)",Yes,1st Year,,Bachelor of Secondary Education major in Mathematics (BSEd major in Mathematics),,,,,,,Yes,,,
5,DOST S&T Undergraduate Scholarship Program,12/23/2024,,Filipino,,Yes,"Accountancy, Business and Management (ABM)",Yes,1st Year,,Bachelor of Secondary Education major in Science (BSEd major in Science),,,,,,,Yes,,,
5,DOST S&T Undergraduate Scholarship Program,12/23/2024,,Filipino,,Yes,Humanities and Social Sciences (HUMSS),Yes,1st Year,,Bachelor of Science in Applied Mathematics (BSAPMATH),,,,,,,Yes,,,
5,DOST S&T Undergraduate Scholarship Program,12/23/2024,,Filipino,,Yes,Humanities and Social Sciences (HUMSS),Yes,1st Year,,Bachelor of Science in Architecture (BSARCH),,,,,,,Yes,,,
5,DOST S&T Undergraduate Scholarship Program,12/23/2024,,Filipino,,Yes,Humanities and Social Sciences (HUMSS),Yes,1st Year,,Bachelor of Science in Biology (BSBIO),,,,,,,Yes,,,
5,DOST S&T Undergraduate Scholarship Program,12/23/2024,,Filipino,,Yes,Humanities and Social Sciences (HUMSS),Yes,1st Year,,Bachelor of Science in Chemistry (BSCHEM),,,,,,,Yes,,,
5,DOST S&T Undergraduate Scholarship Program,12/23/2024,,Filipino,,Yes,Humanities and Social Sciences (HUMSS),Yes,1st Year,,Bachelor of Science in Civil Engineering (BSCE),,,,,,,Yes,,,
5,DOST S&T Undergraduate Scholarship Program,12/23/2024,,Filipino,,Yes,Humanities and Social Sciences (HUMSS),Yes,1st Year,,Bachelor of Science in Computer Engineering (BSCpE),,,,,,,Yes,,,
5,DOST S&T Undergraduate Scholarship Program,12/23/2024,,Filipino,,Yes,Humanities and Social Sciences (HUMSS),Yes,1st Year,,Bachelor of Science in Computer Science (BSCS),,,,,,,Yes,,,
5,DOST S&T Undergraduate Scholarship Program,12/23/2024,,Filipino,,Yes,Humanities and Social Sciences (HUMSS),Yes,1st Year,,Bachelor of Science in Electrical Engineering (BSEE),,,,,,,Yes,,,
5,DOST S&T Undergraduate Scholarship Program,12/23/2024,,Filipino,,Yes,Humanities and Social Sciences (HUMSS),Yes,1st Year,,Bachelor of Science in Electronics Engineering (BSECE),,,,,,,Yes,,,
5,DOST S&T Undergraduate Scholarship Program,12/23/2024,,Filipino,,Yes,Humanities and Social Sciences (HUMSS),Yes,1st Year,,Bachelor of Science in Food Technology (BSFT),,,,,,,Yes,,,
5,DOST S&T Undergraduate Scholarship Program,12/23/2024,,Filipino,,Yes,Humanities and Social Sciences (HUMSS),Yes,1st Year,,Bachelor of Science in Industrial Engineering (BSIE),,,,,,,Yes,,,
5,DOST S&T Undergraduate Scholarship Program,12/23/2024,,Filipino,,Yes,Humanities and Social Sciences (HUMSS),Yes,1st Year,,Bachelor of Science in Information Technology (BSIT),,,,,,,Yes,,,
5,DOST S&T Undergraduate Scholarship Program,12/23/2024,,Filipino,,Yes,Humanities and Social Sciences (HUMSS),Yes,1st Year,,Bachelor of Science in Mathematics (BSMATH),,,,,,,Yes,,,
5,DOST S&T Undergraduate Scholarship Program,12/23/2024,,Filipino,,Yes,Humanities and Social Sciences (HUMSS),Yes,1st Year,,Bachelor of Science in Mechanical Engineering (BSME),,,,,,,Yes,,,
5,DOST S&T Undergraduate Scholarship Program,12/23/2024,,Filipino,,Yes,Humanities and Social Sciences (HUMSS),Yes,1st Year,,Bachelor of Science in Nutrition and Dietetics (BSND),,,,,,,Yes,,,
5,DOST S&T Undergraduate Scholarship Program,12/23/2024,,Filipino,,Yes,Humanities and Social Sciences (HUMSS),Yes,1st Year,,Bachelor of Science in Physics (BSPHY),,,,,,,Yes,,,
5,DOST S&T Undergraduate Scholarship Program,12/23/2024,,Filipino,,Yes,Humanities and Social Sciences (HUMSS),Yes,1st Year,,Bachelor of Science in Statistics (BSSTAT),,,,,,,Yes,,,
5,DOST S&T Undergraduate Scholarship Program,12/23/2024,,Filipino,,Yes,Humanities and Social Sciences (HUMSS),Yes,1st Year,,Bachelor of Secondary Education major in Mathematics (BSEd major in Mathematics),,,,,,,Yes,,,
5,DOST S&T Undergraduate Scholarship Program,12/23/2024,,Filipino,,Yes,Humanities and Social Sciences (HUMSS),Yes,1st Year,,Bachelor of Secondary Education major in Science (BSEd major in Science),,,,,,,Yes,,,
5,DOST S&T Undergraduate Scholarship Program,12/23/2024,,Filipino,,Yes,General Academic Strand (GAS),Yes,1st Year,,Bachelor of Science in Applied Mathematics (BSAPMATH),,,,,,,Yes,,,
5,DOST S&T Undergraduate Scholarship Program,12/23/2024,,Filipino,,Yes,General Academic Strand (GAS),Yes,1st Year,,Bachelor of Science in Architecture (BSARCH),,,,,,,Yes,,,
5,DOST S&T Undergraduate Scholarship Program,12/23/2024,,Filipino,,Yes,General Academic Strand (GAS),Yes,1st Year,,Bachelor of Science in Biology (BSBIO),,,,,,,Yes,,,
5,DOST S&T Undergraduate Scholarship Program,12/23/2024,,Filipino,,Yes,General Academic Strand (GAS),Yes,1st Year,,Bachelor of Science in Chemistry (BSCHEM),,,,,,,Yes,,,
5,DOST S&T Undergraduate Scholarship Program,12/23/2024,,Filipino,,Yes,General Academic Strand (GAS),Yes,1st Year,,Bachelor of Science in Civil Engineering (BSCE),,,,,,,Yes,,,
5,DOST S&T Undergraduate Scholarship Program,12/23/2024,,Filipino,,Yes,General Academic Strand (GAS),Yes,1st Year,,Bachelor of Science in Computer Engineering (BSCpE),,,,,,,Yes,,,
5,DOST S&T Undergraduate Scholarship Program,12/23/2024,,Filipino,,Yes,General Academic Strand (GAS),Yes,1st Year,,Bachelor of Science in Computer Science (BSCS),,,,,,,Yes,,,
5,DOST S&T Undergraduate Scholarship Program,12/23/2024,,Filipino,,Yes,General Academic Strand (GAS),Yes,1st Year,,Bachelor of Science in Electrical Engineering (BSEE),,,,,,,Yes,,,
5,DOST S&T Undergraduate Scholarship Program,12/23/2024,,Filipino,,Yes,General Academic Strand (GAS),Yes,1st Year,,Bachelor of Science in Electronics Engineering (BSECE),,,,,,,Yes,,,
5,DOST S&T Undergraduate Scholarship Program,12/23/2024,,Filipino,,Yes,General Academic Strand (GAS),Yes,1st Year,,Bachelor of Science in Food Technology (BSFT),,,,,,,Yes,,,
5,DOST S&T Undergraduate Scholarship Program,12/23/2024,,Filipino,,Yes,General Academic Strand (GAS),Yes,1st Year,,Bachelor of Science in Industrial Engineering (BSIE),,,,,,,Yes,,,
5,DOST S&T Undergraduate Scholarship Program,12/23/2024,,Filipino,,Yes,General Academic Strand (GAS),Yes,1st Year,,Bachelor of Science in Information Technology (BSIT),,,,,,,Yes,,,
5,DOST S&T Undergraduate Scholarship Program,12/23/2024,,Filipino,,Yes,General Academic Strand (GAS),Yes,1st Year,,Bachelor of Science in Mathematics (BSMATH),,,,,,,Yes,,,
5,DOST S&T Undergraduate Scholarship Program,12/23/2024,,Filipino,,Yes,General Academic Strand (GAS),Yes,1st Year,,Bachelor of Science in Mechanical Engineering (BSME),,,,,,,Yes,,,
5,DOST S&T Undergraduate Scholarship Program,12/23/2024,,Filipino,,Yes,General Academic Strand (GAS),Yes,1st Year,,Bachelor of Science in Nutrition and Dietetics (BSND),,,,,,,Yes,,,
5,DOST S&T Undergraduate Scholarship Program,12/23/2024,,Filipino,,Yes,General Academic Strand (GAS),Yes,1st Year,,Bachelor of Science in Physics (BSPHY),,,,,,,Yes,,,
5,DOST S&T Undergraduate Scholarship Program,12/23/2024,,Filipino,,Yes,General Academic Strand (GAS),Yes,1st Year,,Bachelor of Science in Statistics (BSSTAT),,,,,,,Yes,,,
5,DOST S&T Undergraduate Scholarship Program,12/23/2024,,Filipino,,Yes,General Academic Strand (GAS),Yes,1st Year,,Bachelor of Secondary Education major in Mathematics (BSEd major in Mathematics),,,,,,,Yes,,,
5,DOST S&T Undergraduate Scholarship Program,12/23/2024,,Filipino,,Yes,General Academic Strand (GAS),Yes,1st Year,,Bachelor of Secondary Education major in Science (BSEd major in Science),,,,,,,Yes,,,
6,"Du-Baladad and Associates BDB Law Foundation, Inc.",4/30/2025,,Filipino,,,,,2nd Year,,Bachelor of Early Childhood Education (BECEd),2.5,,,,Yes,Yes,Yes,Yes,350000,Yes
6,"Du-Baladad and Associates BDB Law Foundation, Inc.",4/30/2025,,Filipino,,,,,2nd Year,,Bachelor of Elementary Education (BEEd),2.5,,,,Yes,Yes,Yes,Yes,350000,Yes
6,"Du-Baladad and Associates BDB Law Foundation, Inc.",4/30/2025,,Filipino,,,,,2nd Year,,Bachelor of Science in Accountancy (BSA),2.5,,,,Yes,Yes,Yes,Yes,350000,Yes
6,"Du-Baladad and Associates BDB Law Foundation, Inc.",4/30/2025,,Filipino,,,,,2nd Year,,Bachelor of Secondary Education (BSEd) major in English,2.5,,,,Yes,Yes,Yes,Yes,350000,Yes
6,"Du-Baladad and Associates BDB Law Foundation, Inc.",4/30/2025,,Filipino,,,,,2nd Year,,Bachelor of Secondary Education (BSEd) major in Filipino,2.5,,,,Yes,Yes,Yes,Yes,350000,Yes
6,"Du-Baladad and Associates BDB Law Foundation, Inc.",4/30/2025,,Filipino,,,,,2nd Year,,Bachelor of Secondary Education (BSEd) major in Mathematics,2.5,,,,Yes,Yes,Yes,Yes,350000,Yes
6,"Du-Baladad and Associates BDB Law Foundation, Inc.",4/30/2025,,Filipino,,,,,2nd Year,,Bachelor of Secondary Education (BSEd) major in Science,2.5,,,,Yes,Yes,Yes,Yes,350000,Yes
6,"Du-Baladad and Associates BDB Law Foundation, Inc.",4/30/2025,,Filipino,,,,,2nd Year,,Bachelor of Secondary Education (BSEd) major in Social Studies,2.5,,,,Yes,Yes,Yes,Yes,350000,Yes
6,"Du-Baladad and Associates BDB Law Foundation, Inc.",4/30/2025,,Filipino,,,,,2nd Year,,Bachelor of Technology and Livelihood Education (BTLEd) major in Home Economics,2.5,,,,Yes,Yes,Yes,Yes,350000,Yes
6,"Du-Baladad and Associates BDB Law Foundation, Inc.",4/30/2025,,Filipino,,,,,2nd Year,,Bachelor of Technology and Livelihood Education (BTLEd) major in Industrial Arts,2.5,,,,Yes,Yes,Yes,Yes,350000,Yes
6,"Du-Baladad and Associates BDB Law Foundation, Inc.",4/30/2025,,Filipino,,,,,2nd Year,,Bachelor of Technology and Livelihood Education (BTLEd) major in Information and Communication Technology,2.5,,,,Yes,Yes,Yes,Yes,350000,Yes
7,GBF STEM - College Scholarship ,3/30/2025,,Filipino,,,,,1st Year,,Bachelor of Science in Accountancy (BSA),2,85,,,Yes,Yes,,,,
7,GBF STEM - College Scholarship ,3/30/2025,,Filipino,,,,,1st Year,,Bachelor of Science in Civil Engineering (BSCE),2,85,,,Yes,Yes,,,,
7,GBF STEM - College Scholarship ,3/30/2025,,Filipino,,,,,1st Year,,Bachelor of Science in Computer Science (BSCS),2,85,,,Yes,Yes,,,,
7,GBF STEM - College Scholarship ,3/30/2025,,Filipino,,,,,1st Year,,Bachelor of Science in Food Technology (BSFT),2,85,,,Yes,Yes,,,,
7,GBF STEM - College Scholarship ,3/30/2025,,Filipino,,,,,1st Year,,Bachelor of Science in Industrial Engineering (BSIE),2,85,,,Yes,Yes,,,,
7,GBF STEM - College Scholarship ,3/30/2025,,Filipino,,,,,1st Year,,Bachelor of Science in Information Technology (BSIT),2,85,,,Yes,Yes,,,,
7,GBF STEM - College Scholarship ,3/30/2025,,Filipino,,,,,1st Year,,Bachelor of Science in Mechanical Engineering (BSME),2,85,,,Yes,Yes,,,,
7,GBF STEM - College Scholarship ,3/30/2025,,Filipino,,,,,1st Year,,Bachelor of Science in Statistics (BSSTAT),2,85,,,Yes,Yes,,,,
7,GBF STEM - College Scholarship ,3/30/2025,,Filipino,,,,,2nd Year,,Bachelor of Science in Accountancy (BSA),2,85,,,Yes,Yes,,,,
7,GBF STEM - College Scholarship ,3/30/2025,,Filipino,,,,,2nd Year,,Bachelor of Science in Civil Engineering (BSCE),2,85,,,Yes,Yes,,,,
7,GBF STEM - College Scholarship ,3/30/2025,,Filipino,,,,,2nd Year,,Bachelor of Science in Computer Science (BSCS),2,85,,,Yes,Yes,,,,
7,GBF STEM - College Scholarship ,3/30/2025,,Filipino,,,,,2nd Year,,Bachelor of Science in Food Technology (BSFT),2,85,,,Yes,Yes,,,,
7,GBF STEM - College Scholarship ,3/30/2025,,Filipino,,,,,2nd Year,,Bachelor of Science in Industrial Engineering (BSIE),2,85,,,Yes,Yes,,,,
7,GBF STEM - College Scholarship ,3/30/2025,,Filipino,,,,,2nd Year,,Bachelor of Science in Information Technology (BSIT),2,85,,,Yes,Yes,,,,
7,GBF STEM - College Scholarship ,3/30/2025,,Filipino,,,,,2nd Year,,Bachelor of Science in Mechanical Engineering (BSME),2,85,,,Yes,Yes,,,,
7,GBF STEM - College Scholarship ,3/30/2025,,Filipino,,,,,2nd Year,,Bachelor of Science in Statistics (BSSTAT),2,85,,,Yes,Yes,,,,
7,GBF STEM - College Scholarship ,3/30/2025,,Filipino,,,,,3rd Year,,Bachelor of Science in Accountancy (BSA),2,85,,,Yes,Yes,,,,
7,GBF STEM - College Scholarship ,3/30/2025,,Filipino,,,,,3rd Year,,Bachelor of Science in Civil Engineering (BSCE),2,85,,,Yes,Yes,,,,
7,GBF STEM - College Scholarship ,3/30/2025,,Filipino,,,,,3rd Year,,Bachelor of Science in Computer Science (BSCS),2,85,,,Yes,Yes,,,,
7,GBF STEM - College Scholarship ,3/30/2025,,Filipino,,,,,3rd Year,,Bachelor of Science in Food Technology (BSFT),2,85,,,Yes,Yes,,,,
7,GBF STEM - College Scholarship ,3/30/2025,,Filipino,,,,,3rd Year,,Bachelor of Science in Industrial Engineering (BSIE),2,85,,,Yes,Yes,,,,
7,GBF STEM - College Scholarship ,3/30/2025,,Filipino,,,,,3rd Year,,Bachelor of Science in Information Technology (BSIT),2,85,,,Yes,Yes,,,,
7,GBF STEM - College Scholarship ,3/30/2025,,Filipino,,,,,3rd Year,,Bachelor of Science in Mechanical Engineering (BSME),2,85,,,Yes,Yes,,,,
7,GBF STEM - College Scholarship ,3/30/2025,,Filipino,,,,,3rd Year,,Bachelor of Science in Statistics (BSSTAT),2,85,,,Yes,Yes,,,,
8,LC Foundation Inc. and Vie En Vie Co.,4/30/2025,,Filipino,,Yes,,,4th Year,,Bachelor of Science in Biology (BSBIO),2.5,,Yes,Yes,Yes,Yes,Yes,Yes,400000,Yes
8,LC Foundation Inc. and Vie En Vie Co.,4/30/2025,,Filipino,,Yes,,,4th Year,,Bachelor of Science in Business Administration major in Marketing Management (BSBAMM),2.5,,Yes,Yes,Yes,Yes,Yes,Yes,400000,Yes
8,LC Foundation Inc. and Vie En Vie Co.,4/30/2025,,Filipino,,Yes,,,4th Year,,Bachelor of Science in Computer Engineering (BSCpE),2.5,,Yes,Yes,Yes,Yes,Yes,Yes,400000,Yes
8,LC Foundation Inc. and Vie En Vie Co.,4/30/2025,,Filipino,,Yes,,,4th Year,,Bachelor of Science in Nutrition and Dietetics (BSND),2.5,,Yes,Yes,Yes,Yes,Yes,Yes,400000,Yes
9,"NEC Foundation, Inc.",5/25/2025,22,Filipino,,Yes,,,3rd Year,,Bachelor of Science in Computer Engineering (BSCpE),2,,,,,,Yes,,250000,
9,"NEC Foundation, Inc.",5/25/2025,22,Filipino,,Yes,,,3rd Year,,Bachelor of Science in Computer Science (BSCS),2,,,,,,Yes,,250000,
9,"NEC Foundation, Inc.",5/25/2025,22,Filipino,,Yes,,,3rd Year,,Bachelor of Science in Electronics Engineering (BSECE),2,,,,,,Yes,,250000,
10,Nitori Philippines,8/28/2025,,Filipino,,,,,2nd Year,,Bachelor of Arts in English Language Studies (formerly Bachelor of Arts in English) (ABELS),2,,Yes,Yes,Yes,Yes,Yes,Yes,400000,Yes
10,Nitori Philippines,8/28/2025,,Filipino,,,,,2nd Year,,Bachelor of Arts in Filipinology (ABF),2,,Yes,Yes,Yes,Yes,Yes,Yes,400000,Yes
10,Nitori Philippines,8/28/2025,,Filipino,,,,,2nd Year,,Bachelor of Arts in Literary and Cultural Studies (ABLCS),2,,Yes,Yes,Yes,Yes,Yes,Yes,400000,Yes
10,Nitori Philippines,8/28/2025,,Filipino,,,,,2nd Year,,Bachelor of Arts in Philosophy (AB-PHILO),2,,Yes,Yes,Yes,Yes,Yes,Yes,400000,Yes
10,Nitori Philippines,8/28/2025,,Filipino,,,,,2nd Year,,Bachelor of Performing Arts major in Theater Arts (formerly BA Theater Arts) (BPEA),2,,Yes,Yes,Yes,Yes,Yes,Yes,400000,Yes
10,Nitori Philippines,8/28/2025,,Filipino,,,,,2nd Year,,Bachelor of Science in Accountancy (BSA),2,,Yes,Yes,Yes,Yes,Yes,Yes,400000,Yes
10,Nitori Philippines,8/28/2025,,Filipino,,,,,2nd Year,,Bachelor of Science in Architecture (BS-ARCH),2,,Yes,Yes,Yes,Yes,Yes,Yes,400000,Yes
10,Nitori Philippines,8/28/2025,,Filipino,,,,,2nd Year,,Bachelor of Science in Business Administration Major in Financial Management (BSBAFM),2,,Yes,Yes,Yes,Yes,Yes,Yes,400000,Yes
10,Nitori Philippines,8/28/2025,,Filipino,,,,,2nd Year,,Bachelor of Science in Business Administration major in Human Resource Management (BSBAHRM),2,,Yes,Yes,Yes,Yes,Yes,Yes,400000,Yes
10,Nitori Philippines,8/28/2025,,Filipino,,,,,2nd Year,,Bachelor of Science in Business Administration major in Marketing Management (BSBA-MM),2,,Yes,Yes,Yes,Yes,Yes,Yes,400000,Yes
10,Nitori Philippines,8/28/2025,,Filipino,,,,,2nd Year,,Bachelor of Science in Civil Engineering (BSCE),2,,Yes,Yes,Yes,Yes,Yes,Yes,400000,Yes
10,Nitori Philippines,8/28/2025,,Filipino,,,,,2nd Year,,Bachelor of Science in Computer Engineering (BSCpE),2,,Yes,Yes,Yes,Yes,Yes,Yes,400000,Yes
10,Nitori Philippines,8/28/2025,,Filipino,,,,,2nd Year,,Bachelor of Science in Computer Science (BSCS),2,,Yes,Yes,Yes,Yes,Yes,Yes,400000,Yes
10,Nitori Philippines,8/28/2025,,Filipino,,,,,2nd Year,,Bachelor of Science in Electrical Engineering (BSEE),2,,Yes,Yes,Yes,Yes,Yes,Yes,400000,Yes
10,Nitori Philippines,8/28/2025,,Filipino,,,,,2nd Year,,Bachelor of Science in Electronics Engineering (BSECE),2,,Yes,Yes,Yes,Yes,Yes,Yes,400000,Yes
10,Nitori Philippines,8/28/2025,,Filipino,,,,,2nd Year,,Bachelor of Science in Entrepreneurship (BSENTREP),2,,Yes,Yes,Yes,Yes,Yes,Yes,400000,Yes
10,Nitori Philippines,8/28/2025,,Filipino,,,,,2nd Year,,Bachelor of Science in Environmental Planning (BSEP),2,,Yes,Yes,Yes,Yes,Yes,Yes,400000,Yes
10,Nitori Philippines,8/28/2025,,Filipino,,,,,2nd Year,,Bachelor of Science in Hospitality Management (BSHM),2,,Yes,Yes,Yes,Yes,Yes,Yes,400000,Yes
10,Nitori Philippines,8/28/2025,,Filipino,,,,,2nd Year,,Bachelor of Science in Industrial Engineering (BSIE),2,,Yes,Yes,Yes,Yes,Yes,Yes,400000,Yes
10,Nitori Philippines,8/28/2025,,Filipino,,,,,2nd Year,,Bachelor of Science in Information Technology (BSIT),2,,Yes,Yes,Yes,Yes,Yes,Yes,400000,Yes
10,Nitori Philippines,8/28/2025,,Filipino,,,,,2nd Year,,Bachelor of Science in Interior Design (BSID),2,,Yes,Yes,Yes,Yes,Yes,Yes,400000,Yes
10,Nitori Philippines,8/28/2025,,Filipino,,,,,2nd Year,,Bachelor of Science in Management Accounting (BSMA),2,,Yes,Yes,Yes,Yes,Yes,Yes,400000,Yes
10,Nitori Philippines,8/28/2025,,Filipino,,,,,2nd Year,,Bachelor of Science in Mechanical Engineering (BSME),2,,Yes,Yes,Yes,Yes,Yes,Yes,400000,Yes
10,Nitori Philippines,8/28/2025,,Filipino,,,,,2nd Year,,Bachelor of Science in Office Administration (BSOA),2,,Yes,Yes,Yes,Yes,Yes,Yes,400000,Yes
10,Nitori Philippines,8/28/2025,,Filipino,,,,,2nd Year,,Bachelor of Science in Railway Engineering (BSRE),2,,Yes,Yes,Yes,Yes,Yes,Yes,400000,Yes
10,Nitori Philippines,8/28/2025,,Filipino,,,,,2nd Year,,Bachelor of Science in Tourism Management (BSTM),2,,Yes,Yes,Yes,Yes,Yes,Yes,400000,Yes
10,Nitori Philippines,8/28/2025,,Filipino,,,,,2nd Year,,Bachelor of Science in Transportation Management (BSTRM),2,,Yes,Yes,Yes,Yes,Yes,Yes,400000,Yes
10,Nitori Philippines,8/28/2025,,Filipino,,,,,3rd Year,,Bachelor of Arts in English Language Studies (formerly Bachelor of Arts in English) (ABELS),2,,Yes,Yes,Yes,Yes,Yes,Yes,400000,Yes
10,Nitori Philippines,8/28/2025,,Filipino,,,,,3rd Year,,Bachelor of Arts in Filipinology (ABF),2,,Yes,Yes,Yes,Yes,Yes,Yes,400000,Yes
10,Nitori Philippines,8/28/2025,,Filipino,,,,,3rd Year,,Bachelor of Arts in Literary and Cultural Studies (ABLCS),2,,Yes,Yes,Yes,Yes,Yes,Yes,400000,Yes
10,Nitori Philippines,8/28/2025,,Filipino,,,,,3rd Year,,Bachelor of Arts in Philosophy (AB-PHILO),2,,Yes,Yes,Yes,Yes,Yes,Yes,400000,Yes
10,Nitori Philippines,8/28/2025,,Filipino,,,,,3rd Year,,Bachelor of Performing Arts major in Theater Arts (formerly BA Theater Arts) (BPEA),2,,Yes,Yes,Yes,Yes,Yes,Yes,400000,Yes
10,Nitori Philippines,8/28/2025,,Filipino,,,,,3rd Year,,Bachelor of Science in Accountancy (BSA),2,,Yes,Yes,Yes,Yes,Yes,Yes,400000,Yes
10,Nitori Philippines,8/28/2025,,Filipino,,,,,3rd Year,,Bachelor of Science in Architecture (BS-ARCH),2,,Yes,Yes,Yes,Yes,Yes,Yes,400000,Yes
10,Nitori Philippines,8/28/2025,,Filipino,,,,,3rd Year,,Bachelor of Science in Business Administration Major in Financial Management (BSBAFM),2,,Yes,Yes,Yes,Yes,Yes,Yes,400000,Yes
10,Nitori Philippines,8/28/2025,,Filipino,,,,,3rd Year,,Bachelor of Science in Business Administration major in Human Resource Management (BSBAHRM),2,,Yes,Yes,Yes,Yes,Yes,Yes,400000,Yes
10,Nitori Philippines,8/28/2025,,Filipino,,,,,3rd Year,,Bachelor of Science in Business Administration major in Marketing Management (BSBA-MM),2,,Yes,Yes,Yes,Yes,Yes,Yes,400000,Yes
10,Nitori Philippines,8/28/2025,,Filipino,,,,,3rd Year,,Bachelor of Science in Civil Engineering (BSCE),2,,Yes,Yes,Yes,Yes,Yes,Yes,400000,Yes
10,Nitori Philippines,8/28/2025,,Filipino,,,,,3rd Year,,Bachelor of Science in Computer Engineering (BSCpE),2,,Yes,Yes,Yes,Yes,Yes,Yes,400000,Yes
10,Nitori Philippines,8/28/2025,,Filipino,,,,,3rd Year,,Bachelor of Science in Computer Science (BSCS),2,,Yes,Yes,Yes,Yes,Yes,Yes,400000,Yes
10,Nitori Philippines,8/28/2025,,Filipino,,,,,3rd Year,,Bachelor of Science in Electrical Engineering (BSEE),2,,Yes,Yes,Yes,Yes,Yes,Yes,400000,Yes
10,Nitori Philippines,8/28/2025,,Filipino,,,,,3rd Year,,Bachelor of Science in Electronics Engineering (BSECE),2,,Yes,Yes,Yes,Yes,Yes,Yes,400000,Yes
10,Nitori Philippines,8/28/2025,,Filipino,,,,,3rd Year,,Bachelor of Science in Entrepreneurship (BSENTREP),2,,Yes,Yes,Yes,Yes,Yes,Yes,400000,Yes
10,Nitori Philippines,8/28/2025,,Filipino,,,,,3rd Year,,Bachelor of Science in Environmental Planning (BSEP),2,,Yes,Yes,Yes,Yes,Yes,Yes,400000,Yes
10,Nitori Philippines,8/28/2025,,Filipino,,,,,3rd Year,,Bachelor of Science in Hospitality Management (BSHM),2,,Yes,Yes,Yes,Yes,Yes,Yes,400000,Yes
10,Nitori Philippines,8/28/2025,,Filipino,,,,,3rd Year,,Bachelor of Science in Industrial Engineering (BSIE),2,,Yes,Yes,Yes,Yes,Yes,Yes,400000,Yes
10,Nitori Philippines,8/28/2025,,Filipino,,,,,3rd Year,,Bachelor of Science in Information Technology (BSIT),2,,Yes,Yes,Yes,Yes,Yes,Yes,400000,Yes
10,Nitori Philippines,8/28/2025,,Filipino,,,,,3rd Year,,Bachelor of Science in Interior Design (BSID),2,,Yes,Yes,Yes,Yes,Yes,Yes,400000,Yes
10,Nitori Philippines,8/28/2025,,Filipino,,,,,3rd Year,,Bachelor of Science in Management Accounting (BSMA),2,,Yes,Yes,Yes,Yes,Yes,Yes,400000,Yes
10,Nitori Philippines,8/28/2025,,Filipino,,,,,3rd Year,,Bachelor of Science in Mechanical Engineering (BSME),2,,Yes,Yes,Yes,Yes,Yes,Yes,400000,Yes
10,Nitori Philippines,8/28/2025,,Filipino,,,,,3rd Year,,Bachelor of Science in Office Administration (BSOA),2,,Yes,Yes,Yes,Yes,Yes,Yes,400000,Yes
10,Nitori Philippines,8/28/2025,,Filipino,,,,,3rd Year,,Bachelor of Science in Railway Engineering (BSRE),2,,Yes,Yes,Yes,Yes,Yes,Yes,400000,Yes
10,Nitori Philippines,8/28/2025,,Filipino,,,,,3rd Year,,Bachelor of Science in Tourism Management (BSTM),2,,Yes,Yes,Yes,Yes,Yes,Yes,400000,Yes
10,Nitori Philippines,8/28/2025,,Filipino,,,,,3rd Year,,Bachelor of Science in Transportation Management (BSTRM),2,,Yes,Yes,Yes,Yes,Yes,Yes,400000,Yes
10,Nitori Philippines,8/28/2025,,Filipino,,,,,4th Year,,Bachelor of Arts in English Language Studies (formerly Bachelor of Arts in English) (ABELS),2,,Yes,Yes,Yes,Yes,Yes,Yes,400000,Yes
10,Nitori Philippines,8/28/2025,,Filipino,,,,,4th Year,,Bachelor of Arts in Filipinology (ABF),2,,Yes,Yes,Yes,Yes,Yes,Yes,400000,Yes
10,Nitori Philippines,8/28/2025,,Filipino,,,,,4th Year,,Bachelor of Arts in Literary and Cultural Studies (ABLCS),2,,Yes,Yes,Yes,Yes,Yes,Yes,400000,Yes
10,Nitori Philippines,8/28/2025,,Filipino,,,,,4th Year,,Bachelor of Arts in Philosophy (AB-PHILO),2,,Yes,Yes,Yes,Yes,Yes,Yes,400000,Yes
10,Nitori Philippines,8/28/2025,,Filipino,,,,,4th Year,,Bachelor of Performing Arts major in Theater Arts (formerly BA Theater Arts) (BPEA),2,,Yes,Yes,Yes,Yes,Yes,Yes,400000,Yes
10,Nitori Philippines,8/28/2025,,Filipino,,,,,4th Year,,Bachelor of Science in Accountancy (BSA),2,,Yes,Yes,Yes,Yes,Yes,Yes,400000,Yes
10,Nitori Philippines,8/28/2025,,Filipino,,,,,4th Year,,Bachelor of Science in Architecture (BS-ARCH),2,,Yes,Yes,Yes,Yes,Yes,Yes,400000,Yes
10,Nitori Philippines,8/28/2025,,Filipino,,,,,4th Year,,Bachelor of Science in Business Administration Major in Financial Management (BSBAFM),2,,Yes,Yes,Yes,Yes,Yes,Yes,400000,Yes
10,Nitori Philippines,8/28/2025,,Filipino,,,,,4th Year,,Bachelor of Science in Business Administration major in Human Resource Management (BSBAHRM),2,,Yes,Yes,Yes,Yes,Yes,Yes,400000,Yes
10,Nitori Philippines,8/28/2025,,Filipino,,,,,4th Year,,Bachelor of Science in Business Administration major in Marketing Management (BSBA-MM),2,,Yes,Yes,Yes,Yes,Yes,Yes,400000,Yes
10,Nitori Philippines,8/28/2025,,Filipino,,,,,4th Year,,Bachelor of Science in Civil Engineering (BSCE),2,,Yes,Yes,Yes,Yes,Yes,Yes,400000,Yes
10,Nitori Philippines,8/28/2025,,Filipino,,,,,4th Year,,Bachelor of Science in Computer Engineering (BSCpE),2,,Yes,Yes,Yes,Yes,Yes,Yes,400000,Yes
10,Nitori Philippines,8/28/2025,,Filipino,,,,,4th Year,,Bachelor of Science in Computer Science (BSCS),2,,Yes,Yes,Yes,Yes,Yes,Yes,400000,Yes
10,Nitori Philippines,8/28/2025,,Filipino,,,,,4th Year,,Bachelor of Science in Electrical Engineering (BSEE),2,,Yes,Yes,Yes,Yes,Yes,Yes,400000,Yes
10,Nitori Philippines,8/28/2025,,Filipino,,,,,4th Year,,Bachelor of Science in Electronics Engineering (BSECE),2,,Yes,Yes,Yes,Yes,Yes,Yes,400000,Yes
10,Nitori Philippines,8/28/2025,,Filipino,,,,,4th Year,,Bachelor of Science in Entrepreneurship (BSENTREP),2,,Yes,Yes,Yes,Yes,Yes,Yes,400000,Yes
10,Nitori Philippines,8/28/2025,,Filipino,,,,,4th Year,,Bachelor of Science in Environmental Planning (BSEP),2,,Yes,Yes,Yes,Yes,Yes,Yes,400000,Yes
10,Nitori Philippines,8/28/2025,,Filipino,,,,,4th Year,,Bachelor of Science in Hospitality Management (BSHM),2,,Yes,Yes,Yes,Yes,Yes,Yes,400000,Yes
10,Nitori Philippines,8/28/2025,,Filipino,,,,,4th Year,,Bachelor of Science in Industrial Engineering (BSIE),2,,Yes,Yes,Yes,Yes,Yes,Yes,400000,Yes
10,Nitori Philippines,8/28/2025,,Filipino,,,,,4th Year,,Bachelor of Science in Information Technology (BSIT),2,,Yes,Yes,Yes,Yes,Yes,Yes,400000,Yes
10,Nitori Philippines,8/28/2025,,Filipino,,,,,4th Year,,Bachelor of Science in Interior Design (BSID),2,,Yes,Yes,Yes,Yes,Yes,Yes,400000,Yes
10,Nitori Philippines,8/28/2025,,Filipino,,,,,4th Year,,Bachelor of Science in Management Accounting (BSMA),2,,Yes,Yes,Yes,Yes,Yes,Yes,400000,Yes
10,Nitori Philippines,8/28/2025,,Filipino,,,,,4th Year,,Bachelor of Science in Mechanical Engineering (BSME),2,,Yes,Yes,Yes,Yes,Yes,Yes,400000,Yes
10,Nitori Philippines,8/28/2025,,Filipino,,,,,4th Year,,Bachelor of Science in Office Administration (BSOA),2,,Yes,Yes,Yes,Yes,Yes,Yes,400000,Yes
10,Nitori Philippines,8/28/2025,,Filipino,,,,,4th Year,,Bachelor of Science in Railway Engineering (BSRE),2,,Yes,Yes,Yes,Yes,Yes,Yes,400000,Yes
10,Nitori Philippines,8/28/2025,,Filipino,,,,,4th Year,,Bachelor of Science in Tourism Management (BSTM),2,,Yes,Yes,Yes,Yes,Yes,Yes,400000,Yes
10,Nitori Philippines,8/28/2025,,Filipino,,,,,4th Year,,Bachelor of Science in Transportation Management (BSTRM),2,,Yes,Yes,Yes,Yes,Yes,Yes,400000,Yes
11,Original Pilipino Performing Arts Scholarship,4/26/2025,16,Filipino,,Yes,,,2nd Year,,Bachelor of Arts in Performing Arts,2,85,,,Yes,Yes,Yes,,600000,
11,Original Pilipino Performing Arts Scholarship,4/26/2025,16,Filipino,,Yes,,,3rd Year,,Bachelor of Arts in Performing Arts,2,85,,,Yes,Yes,Yes,,600000,
11,Original Pilipino Performing Arts Scholarship,4/26/2025,16,Filipino,,Yes,,,4th Year,,Bachelor of Arts in Performing Arts,2,85,,,Yes,Yes,Yes,,600000,
12,"PAMA Foundation, Inc. Scholarship",2/26/2025,,Filipino,,Yes,,,3rd Year,,Bachelor of Science in Business Administration Major in Financial Management (BSBAFM),2.25,,,,Yes,Yes,Yes,Yes,200000,Yes
12,"PAMA Foundation, Inc. Scholarship",2/26/2025,,Filipino,,Yes,,,3rd Year,,Bachelor of Science in Management Accounting (BSMA),2.25,,,,Yes,Yes,Yes,Yes,200000,Yes
12,"PAMA Foundation, Inc. Scholarship",2/26/2025,,Filipino,,Yes,,,4th Year,,Bachelor of Science in Business Administration Major in Financial Management (BSBAFM),2.25,,,,Yes,Yes,Yes,Yes,200000,Yes
12,"PAMA Foundation, Inc. Scholarship",2/26/2025,,Filipino,,Yes,,,4th Year,,Bachelor of Science in Management Accounting (BSMA),2.25,,,,Yes,Yes,Yes,Yes,200000,Yes
13,Panasonic Scholarship,5/15/2025,,Filipino,,,,,,2027,Bachelor of Science in Business Administration major in Human Resource Management (BSBAHRM),2,,,,Yes,,,,,
13,Panasonic Scholarship,5/15/2025,,Filipino,,,,,,2027,Bachelor of Science in Business Administration major in Marketing Management (BSBA-MM),2,,,,Yes,,,,,
13,Panasonic Scholarship,5/15/2025,,Filipino,,,,,,2027,Bachelor of Science in Entrepreneurship (BSENTREP),2,,,,Yes,,,,,
13,Panasonic Scholarship,5/15/2025,,Filipino,,,,,,2027,Bachelor of Science in Office Administration (BSOA),2,,,,Yes,,,,,
13,Panasonic Scholarship,5/15/2025,,Filipino,,,,,,2027,Bachelor of Science in Civil Engineering (BSCE),2,,,,Yes,,,,,
13,Panasonic Scholarship,5/15/2025,,Filipino,,,,,,2027,Bachelor of Science in Computer Engineering (BSCpE),2,,,,Yes,,,,,
13,Panasonic Scholarship,5/15/2025,,Filipino,,,,,,2027,Bachelor of Science in Electrical Engineering (BSEE),2,,,,Yes,,,,,
13,Panasonic Scholarship,5/15/2025,,Filipino,,,,,,2027,Bachelor of Science in Electronics Engineering (BSECE),2,,,,Yes,,,,,
13,Panasonic Scholarship,5/15/2025,,Filipino,,,,,,2027,Bachelor of Science in Industrial Engineering (BSIE),2,,,,Yes,,,,,
13,Panasonic Scholarship,5/15/2025,,Filipino,,,,,,2027,Bachelor of Science in Mechanical Engineering (BSME),2,,,,Yes,,,,,
13,Panasonic Scholarship,5/15/2025,,Filipino,,,,,,2027,Bachelor of Science in Railway Engineering (BSRE),2,,,,Yes,,,,,
13,Panasonic Scholarship,5/15/2025,,Filipino,,,,,,2027,Bachelor of Science in Accountancy (BSA),2,,,,Yes,,,,,
13,Panasonic Scholarship,5/15/2025,,Filipino,,,,,,2027,Bachelor of Science in Business Administration Major in Financial Management (BSBAFM),2,,,,Yes,,,,,
13,Panasonic Scholarship,5/15/2025,,Filipino,,,,,,2027,Bachelor of Science in Management Accounting (BSMA),2,,,,Yes,,,,,
14,Security Bank Foundation’s Scholars for Better Communities Scholarship Program,6/30/2025,,Filipino,,,,,1st Year,,Bachelor of Science in Accountancy (BSA),1.5,93,,,,,,,-,
14,Security Bank Foundation’s Scholars for Better Communities Scholarship Program,6/30/2025,,Filipino,,,,,1st Year,,Bachelor of Science in Business Administration Major in Financial Management (BSBAFM),1.5,93,,,,,,,,
14,Security Bank Foundation’s Scholars for Better Communities Scholarship Program,6/30/2025,,Filipino,,,,,1st Year,,Bachelor of Science in Management Accounting (BSMA),1.5,93,,,,,,,,
14,Security Bank Foundation’s Scholars for Better Communities Scholarship Program,6/30/2025,,Filipino,,,,,1st Year,,Bachelor of Science in Business Administration major in Marketing Management (BSBA-MM),1.5,93,,,,,,,,
14,Security Bank Foundation’s Scholars for Better Communities Scholarship Program,6/30/2025,,Filipino,,,,,1st Year,,Bachelor of Science in Entrepreneurship (BSENTREP),1.5,93,,,,,,,,
14,Security Bank Foundation’s Scholars for Better Communities Scholarship Program,6/30/2025,,Filipino,,,,,1st Year,,Bachelor of Science in Industrial Engineering (BSIE),1.5,93,,,,,,,,
14,Security Bank Foundation’s Scholars for Better Communities Scholarship Program,6/30/2025,,Filipino,,,,,1st Year,,Bachelor of Science in Applied Mathematics (BSAPMATH),1.5,93,,,,,,,,
14,Security Bank Foundation’s Scholars for Better Communities Scholarship Program,6/30/2025,,Filipino,,,,,1st Year,,Bachelor of Science in Statistics (BSSTAT),1.5,93,,,,,,,,
14,Security Bank Foundation’s Scholars for Better Communities Scholarship Program,6/30/2025,,Filipino,,,,,1st Year,,Bachelor of Science in Computer Science (BSCS),1.5,93,,,,,,,,
14,Security Bank Foundation’s Scholars for Better Communities Scholarship Program,6/30/2025,,Filipino,,,,,1st Year,,Bachelor of Science in Information Technology (BSIT),1.5,93,,,,,,,,
15,Sun Life Financial Asia Services Limited,7/4/2025,,Filipino,,Yes,,,4th Year,,Bachelor of Science in Computer Science (BSCS),2.5,,,,Yes,Yes,Yes,Yes,300000,Yes
15,Sun Life Financial Asia Services Limited,7/4/2025,,Filipino,,Yes,,,4th Year,,Bachelor of Science in Information Technology (BSIT),2.5,,,,Yes,Yes,Yes,Yes,300000,Yes
16,Tzu Chi Foundation Philippines Educational Assistance Program,4/3/2025,,Filipino,Metro Manila,,,,3rd Year,,Bachelor of Arts in Communication Research (BACR),2.25,82,,,,Yes,,,400000,
16,Tzu Chi Foundation Philippines Educational Assistance Program,4/3/2025,,Filipino,Metro Manila,,,,3rd Year,,Bachelor of Arts in Journalism (BAJ),2.25,82,,,,Yes,,,400000,
16,Tzu Chi Foundation Philippines Educational Assistance Program,4/3/2025,,Filipino,Metro Manila,,,,3rd Year,,Bachelor of Secondary Education (BSEd) major in English,2.25,82,,,,Yes,,,400000,
16,Tzu Chi Foundation Philippines Educational Assistance Program,4/3/2025,,Filipino,Metro Manila,,,,3rd Year,,Bachelor of Secondary Education (BSEd) major in Mathematics,2.25,82,,,,Yes,,,400000,
16,Tzu Chi Foundation Philippines Educational Assistance Program,4/3/2025,,Filipino,Metro Manila,,,,3rd Year,,Bachelor of Secondary Education (BSEd) major in Science,2.25,82,,,,Yes,,,400000,
16,Tzu Chi Foundation Philippines Educational Assistance Program,4/3/2025,,Filipino,Metro Manila,,,,3rd Year,,Bachelor of Secondary Education (BSEd) major in Filipino,2.25,82,,,,Yes,,,400000,
16,Tzu Chi Foundation Philippines Educational Assistance Program,4/3/2025,,Filipino,Metro Manila,,,,3rd Year,,Bachelor of Secondary Education (BSEd) major in Social Studies,2.25,82,,,,Yes,,,400000,
16,Tzu Chi Foundation Philippines Educational Assistance Program,4/3/2025,,Filipino,Metro Manila,,,,3rd Year,,Bachelor of Elementary Education (BEEd),2.25,82,,,,Yes,,,400000,
16,Tzu Chi Foundation Philippines Educational Assistance Program,4/3/2025,,Filipino,Metro Manila,,,,3rd Year,,Bachelor of Early Childhood Education (BECEd),2.25,82,,,,Yes,,,400000,
16,Tzu Chi Foundation Philippines Educational Assistance Program,4/3/2025,,Filipino,Metro Manila,,,,3rd Year,,Bachelor of Technology and Livelihood Education (BTLEd) major in Home Economics,2.25,82,,,,Yes,,,400000,
16,Tzu Chi Foundation Philippines Educational Assistance Program,4/3/2025,,Filipino,Metro Manila,,,,3rd Year,,Bachelor of Technology and Livelihood Education (BTLEd) major in Industrial Arts,2.25,82,,,,Yes,,,400000,
16,Tzu Chi Foundation Philippines Educational Assistance Program,4/3/2025,,Filipino,Metro Manila,,,,3rd Year,,Bachelor of Technology and Livelihood Education (BTLEd) major in Information and Communication Technology,2.25,82,,,,Yes,,,400000,
16,Tzu Chi Foundation Philippines Educational Assistance Program,4/3/2025,,Filipino,Metro Manila,,,,3rd Year,,Bachelor of Library and Information Science (BLIS),2.25,82,,,,Yes,,,400000,
16,Tzu Chi Foundation Philippines Educational Assistance Program,4/3/2025,,Filipino,Metro Manila,,,,3rd Year,,Bachelor of Arts in Sociology (BAS) (closest to Social Work),2.25,82,,,,Yes,,,400000,
16,Tzu Chi Foundation Philippines Educational Assistance Program,4/3/2025,,Filipino,Metro Manila,,,,3rd Year,,Bachelor of Science in Economics (BSE),2.25,82,,,,Yes,,,400000,
16,Tzu Chi Foundation Philippines Educational Assistance Program,4/3/2025,,Filipino,Metro Manila,,,,3rd Year,,Bachelor of Science in Accountancy (BSA),2.25,82,,,,Yes,,,400000,
16,Tzu Chi Foundation Philippines Educational Assistance Program,4/3/2025,,Filipino,Metro Manila,,,,3rd Year,,Bachelor of Science in Information Technology (BSIT),2.25,82,,,,Yes,,,400000,
16,Tzu Chi Foundation Philippines Educational Assistance Program,4/3/2025,,Filipino,Metro Manila,,,,3rd Year,,Bachelor of Science in Business Administration major in Human Resource Management (BSBAHRM),2.25,82,,,,Yes,,,400000,
16,Tzu Chi Foundation Philippines Educational Assistance Program,4/3/2025,,Filipino,Metro Manila,,,,3rd Year,,Bachelor of Science in Business Administration major in Marketing Management (BSBAMM),2.25,82,,,,Yes,,,400000,
16,Tzu Chi Foundation Philippines Educational Assistance Program,4/3/2025,,Filipino,Metro Manila,,,,3rd Year,,Bachelor of Science in Business Administration Major in Financial Management (BSBAFM),2.25,82,,,,Yes,,,400000,
16,Tzu Chi Foundation Philippines Educational Assistance Program,4/3/2025,,Filipino,Metro Manila,,,,3rd Year,,Bachelor of Science in Civil Engineering (BSCE),2.25,82,,,,Yes,,,400000,
16,Tzu Chi Foundation Philippines Educational Assistance Program,4/3/2025,,Filipino,Metro Manila,,,,3rd Year,,Bachelor of Science in Computer Engineering (BSCpE),2.25,82,,,,Yes,,,400000,
16,Tzu Chi Foundation Philippines Educational Assistance Program,4/3/2025,,Filipino,Metro Manila,,,,3rd Year,,Bachelor of Science in Electrical Engineering (BSEE),2.25,82,,,,Yes,,,400000,
16,Tzu Chi Foundation Philippines Educational Assistance Program,4/3/2025,,Filipino,Metro Manila,,,,3rd Year,,Bachelor of Science in Electronics Engineering (BSECE),2.25,82,,,,Yes,,,400000,
16,Tzu Chi Foundation Philippines Educational Assistance Program,4/3/2025,,Filipino,Metro Manila,,,,3rd Year,,Bachelor of Science in Industrial Engineering (BSIE),2.25,82,,,,Yes,,,400000,
16,Tzu Chi Foundation Philippines Educational Assistance Program,4/3/2025,,Filipino,Metro Manila,,,,3rd Year,,Bachelor of Science in Mechanical Engineering (BSME),2.25,82,,,,Yes,,,400000,
16,Tzu Chi Foundation Philippines Educational Assistance Program,4/3/2025,,Filipino,Metro Manila,,,,3rd Year,,Bachelor of Science in Railway Engineering (BSRE),2.25,82,,,,Yes,,,400000,
16,Tzu Chi Foundation Philippines Educational Assistance Program,4/3/2025,,Filipino,Metro Manila,,,,3rd Year,,Bachelor of Science in Architecture (BS-ARCH),2.25,82,,,,Yes,,,400000,
16,Tzu Chi Foundation Philippines Educational Assistance Program,4/3/2025,,Filipino,Metro Manila,,,,3rd Year,,Bachelor of Science in Interior Design (BSID),2.25,82,,,,Yes,,,400000,
16,Tzu Chi Foundation Philippines Educational Assistance Program,4/3/2025,,Filipino,Metro Manila,,,,3rd Year,,Bachelor of Science in Environmental Planning (BSEP),2.25,82,,,,Yes,,,400000,
16,Tzu Chi Foundation Philippines Educational Assistance Program,4/3/2025,,Filipino,Rizal,,,,3rd Year,,Bachelor of Arts in Communication Research (BACR),2.25,82,,,,Yes,,,400000,
16,Tzu Chi Foundation Philippines Educational Assistance Program,4/3/2025,,Filipino,Rizal,,,,3rd Year,,Bachelor of Arts in Journalism (BAJ),2.25,82,,,,Yes,,,400000,
16,Tzu Chi Foundation Philippines Educational Assistance Program,4/3/2025,,Filipino,Rizal,,,,3rd Year,,Bachelor of Secondary Education (BSEd) major in English,2.25,82,,,,Yes,,,400000,
16,Tzu Chi Foundation Philippines Educational Assistance Program,4/3/2025,,Filipino,Rizal,,,,3rd Year,,Bachelor of Secondary Education (BSEd) major in Mathematics,2.25,82,,,,Yes,,,400000,
16,Tzu Chi Foundation Philippines Educational Assistance Program,4/3/2025,,Filipino,Rizal,,,,3rd Year,,Bachelor of Secondary Education (BSEd) major in Science,2.25,82,,,,Yes,,,400000,
16,Tzu Chi Foundation Philippines Educational Assistance Program,4/3/2025,,Filipino,Rizal,,,,3rd Year,,Bachelor of Secondary Education (BSEd) major in Filipino,2.25,82,,,,Yes,,,400000,
16,Tzu Chi Foundation Philippines Educational Assistance Program,4/3/2025,,Filipino,Rizal,,,,3rd Year,,Bachelor of Secondary Education (BSEd) major in Social Studies,2.25,82,,,,Yes,,,400000,
16,Tzu Chi Foundation Philippines Educational Assistance Program,4/3/2025,,Filipino,Rizal,,,,3rd Year,,Bachelor of Elementary Education (BEEd),2.25,82,,,,Yes,,,400000,
16,Tzu Chi Foundation Philippines Educational Assistance Program,4/3/2025,,Filipino,Rizal,,,,3rd Year,,Bachelor of Early Childhood Education (BECEd),2.25,82,,,,Yes,,,400000,
16,Tzu Chi Foundation Philippines Educational Assistance Program,4/3/2025,,Filipino,Rizal,,,,3rd Year,,Bachelor of Technology and Livelihood Education (BTLEd) major in Home Economics,2.25,82,,,,Yes,,,400000,
16,Tzu Chi Foundation Philippines Educational Assistance Program,4/3/2025,,Filipino,Rizal,,,,3rd Year,,Bachelor of Technology and Livelihood Education (BTLEd) major in Industrial Arts,2.25,82,,,,Yes,,,400000,
16,Tzu Chi Foundation Philippines Educational Assistance Program,4/3/2025,,Filipino,Rizal,,,,3rd Year,,Bachelor of Technology and Livelihood Education (BTLEd) major in Information and Communication Technology,2.25,82,,,,Yes,,,400000,
16,Tzu Chi Foundation Philippines Educational Assistance Program,4/3/2025,,Filipino,Rizal,,,,3rd Year,,Bachelor of Library and Information Science (BLIS),2.25,82,,,,Yes,,,400000,
16,Tzu Chi Foundation Philippines Educational Assistance Program,4/3/2025,,Filipino,Rizal,,,,3rd Year,,Bachelor of Arts in Sociology (BAS) (closest to Social Work),2.25,82,,,,Yes,,,400000,
16,Tzu Chi Foundation Philippines Educational Assistance Program,4/3/2025,,Filipino,Rizal,,,,3rd Year,,Bachelor of Science in Economics (BSE),2.25,82,,,,Yes,,,400000,
16,Tzu Chi Foundation Philippines Educational Assistance Program,4/3/2025,,Filipino,Rizal,,,,3rd Year,,Bachelor of Science in Accountancy (BSA),2.25,82,,,,Yes,,,400000,
16,Tzu Chi Foundation Philippines Educational Assistance Program,4/3/2025,,Filipino,Rizal,,,,3rd Year,,Bachelor of Science in Information Technology (BSIT),2.25,82,,,,Yes,,,400000,
16,Tzu Chi Foundation Philippines Educational Assistance Program,4/3/2025,,Filipino,Rizal,,,,3rd Year,,Bachelor of Science in Business Administration major in Human Resource Management (BSBAHRM),2.25,82,,,,Yes,,,400000,
16,Tzu Chi Foundation Philippines Educational Assistance Program,4/3/2025,,Filipino,Rizal,,,,3rd Year,,Bachelor of Science in Business Administration major in Marketing Management (BSBAMM),2.25,82,,,,Yes,,,400000,
16,Tzu Chi Foundation Philippines Educational Assistance Program,4/3/2025,,Filipino,Rizal,,,,3rd Year,,Bachelor of Science in Business Administration Major in Financial Management (BSBAFM),2.25,82,,,,Yes,,,400000,
16,Tzu Chi Foundation Philippines Educational Assistance Program,4/3/2025,,Filipino,Rizal,,,,3rd Year,,Bachelor of Science in Civil Engineering (BSCE),2.25,82,,,,Yes,,,400000,
16,Tzu Chi Foundation Philippines Educational Assistance Program,4/3/2025,,Filipino,Rizal,,,,3rd Year,,Bachelor of Science in Computer Engineering (BSCpE),2.25,82,,,,Yes,,,400000,
16,Tzu Chi Foundation Philippines Educational Assistance Program,4/3/2025,,Filipino,Rizal,,,,3rd Year,,Bachelor of Science in Electrical Engineering (BSEE),2.25,82,,,,Yes,,,400000,
16,Tzu Chi Foundation Philippines Educational Assistance Program,4/3/2025,,Filipino,Rizal,,,,3rd Year,,Bachelor of Science in Electronics Engineering (BSECE),2.25,82,,,,Yes,,,400000,
16,Tzu Chi Foundation Philippines Educational Assistance Program,4/3/2025,,Filipino,Rizal,,,,3rd Year,,Bachelor of Science in Industrial Engineering (BSIE),2.25,82,,,,Yes,,,400000,
16,Tzu Chi Foundation Philippines Educational Assistance Program,4/3/2025,,Filipino,Rizal,,,,3rd Year,,Bachelor of Science in Mechanical Engineering (BSME),2.25,82,,,,Yes,,,400000,
16,Tzu Chi Foundation Philippines Educational Assistance Program,4/3/2025,,Filipino,Rizal,,,,3rd Year,,Bachelor of Science in Railway Engineering (BSRE),2.25,82,,,,Yes,,,400000,
16,Tzu Chi Foundation Philippines Educational Assistance Program,4/3/2025,,Filipino,Rizal,,,,3rd Year,,Bachelor of Science in Architecture (BS-ARCH),2.25,82,,,,Yes,,,400000,
16,Tzu Chi Foundation Philippines Educational Assistance Program,4/3/2025,,Filipino,Rizal,,,,3rd Year,,Bachelor of Science in Interior Design (BSID),2.25,82,,,,Yes,,,400000,
16,Tzu Chi Foundation Philippines Educational Assistance Program,4/3/2025,,Filipino,Rizal,,,,3rd Year,,Bachelor of Science in Environmental Planning (BSEP),2.25,82,,,,Yes,,,400000,